"REPD Ref","Status","Site Name","Technology","Capacity (MW)","Local Authority","LA Code"
489,"Under Construction","Allt na Moine","Small Hydro",2,"Highland","S12000017"
926,"Awaiting Construction","Binn Eco Park","Advanced Conversion Technologies",4.6,"Perth and Kinross","S12000048"
1007,"Under Construction","Coatbridge Material Recovery and Renewable Energy Facility","Advanced Conversion Technologies",25,"North Lanarkshire","S12000050"
1009,"Under Construction","South Clyde Energy Centre","EfW Incineration",20,"Glasgow City","S12000049"
2415,"Awaiting Construction","Sound of Islay","Tidal Barrage and Tidal Stream",10,"Offshore"," "
2416,"Application Submitted","Brims Tidal Array (Cantick Head)","Tidal Barrage and Tidal Stream",200,"Orkney Islands","S12000023"
2527,"Awaiting Construction","Inch Cape","Wind Offshore",1080,"Offshore"," "
2534,"Under Construction","MacColl Offshore Windfarm (Moray East)","Wind Offshore",313.5,"Offshore"," "
2536,"Under Construction","Telford Offshore Windfarm (Moray East)","Wind Offshore",313.5,"Offshore"," "
2537,"Under Construction","Stevenson Offshore Windfarm (Moray East)","Wind Offshore",323,"Offshore"," "
2540,"Under Construction","Seagreen Phase 1 (Alpha)","Wind Offshore",525,"Offshore"," "
2767,"Awaiting Construction","Chirmorie Wind Farm","Wind Onshore",80,"South Ayrshire","S12000028"
2859,"Awaiting Construction","Glen Ullinish Wind Farm","Wind Onshore",42,"Highland","S12000017"
2860,"Under Construction","Strathallan Wind Farm","Wind Onshore",20.7,"Perth and Kinross","S12000048"
2908,"Application Submitted","Daer Wind Farm","Wind Onshore",100,"South Lanarkshire","S12000029"
3328,"Awaiting Construction","Cumberhead West Wind Farm","Wind Onshore",126,"South Lanarkshire","S12000029"
3371,"Awaiting Construction","Aberarder Wind Farm","Wind Onshore",49.9,"Highland","S12000017"
3373,"Awaiting Construction","Beinn Mheadhonach","Wind Onshore",4,"Highland","S12000017"
3383,"Awaiting Construction","Neilston Additional Wind Turbine","Wind Onshore",2.5,"East Renfrewshire","S12000011"
3387,"Under Construction","Beinn an Tuirc Windfarm Phase 3","Wind Onshore",49.9,"Argyll and Bute","S12000035"
3417,"Application Submitted","Shepherd's Rig Wind Farm","Wind Onshore",78.6,"Dumfries and Galloway","S12000006"
3435,"Under Construction","Gordonbush (extension)","Wind Onshore",47,"Highland","S12000017"
3436,"Awaiting Construction","Hill Of Lychrobbie","Wind Onshore",2.4,"Highland","S12000017"
3502,"Awaiting Construction","Enoch Hill","Wind Onshore",52.8,"East Ayrshire","S12000008"
3503,"Awaiting Construction","Benbrack Wind Farm","Wind Onshore",72,"East Ayrshire","S12000008"
3516,"Awaiting Construction","Beaw Field Wind Farm","Wind Onshore",59.5,"Shetland Islands","S12000027"
3586,"Application Submitted","Euchanhead Wind Farm","Wind Onshore",126,"South Lanarkshire","S12000029"
3624,"Awaiting Construction","Cornabo","Wind Onshore",2.7,"Aberdeenshire","S12000034"
3633,"Under Construction","Hazelside farm","Wind Onshore",1.6,"South Lanarkshire","S12000029"
3789,"Awaiting Construction","Akla","Wind Onshore",2.7,"Orkney Islands","S12000023"
3892,"Awaiting Construction","Work Farm Wind Turbines","Wind Onshore",1.8,"Orkney Islands","S12000023"
3901,"Awaiting Construction","Uisenis/Eishken (Muaitheabhal) (Southern Extension)","Wind Onshore",21.6,"Comhairle nan Eilean Siar","S12000013"
3923,"Awaiting Construction","Hill of Carlincraig wind turbines","Wind Onshore",4.6,"Aberdeenshire","S12000034"
4005,"Awaiting Construction","Herscha Wind energy Project (Extension)","Wind Onshore",1.6,"Aberdeenshire","S12000034"
4128,"Under Construction","Sneddon Law Community Wind Farm","Wind Onshore",45,"East Ayrshire","S12000008"
4213,"Under Construction","Greengairs East Wind Farm","Wind Onshore",24,"North Lanarkshire","S12000050"
4265,"Awaiting Construction","Braemore","Wind Onshore",54,"Highland","S12000017"
4300,"Under Construction","Creag Riabhach Wind Farm","Wind Onshore",72.6,"Highland","S12000017"
4305,"Awaiting Construction","Meikle Hill wind farm","Wind Onshore",13.8,"Moray","S12000020"
4307,"Under Construction","West Benhar wind farm","Wind Onshore",27.2,"North Lanarkshire","S12000050"
4315,"Under Construction","Sorbie Farm","Wind Onshore",9,"North Ayrshire","S12000021"
4318,"Application Submitted","Yell Wind Farm","Wind Onshore",126,"Shetland Islands","S12000027"
4351,"Awaiting Construction","Camster II","Wind Onshore",38,"Highland","S12000017"
4355,"Awaiting Construction","Crookedstane Farm","Wind Onshore",11.4,"South Lanarkshire","S12000029"
4359,"Awaiting Construction","Dell Wind Farm","Wind Onshore",50,"Highland","S12000017"
4385,"Under Construction","Kennoxhead Wind Farm","Wind Onshore",62,"South Lanarkshire","S12000029"
4389,"Awaiting Construction","Knockshinnoch Wind Farm","Wind Onshore",4,"East Ayrshire","S12000008"
4394,"Awaiting Construction","Lion Hill Wind Farm (Crookedstane Farm 2)","Wind Onshore",11.4,"South Lanarkshire","S12000029"
4418,"Awaiting Construction","Strathy South","Wind Onshore",218.4,"Highland","S12000017"
4448,"Awaiting Construction","Uisenis/Eishken (Muaitheabhal) (East Extension)","Wind Onshore",21.6,"Comhairle nan Eilean Siar","S12000013"
4454,"Awaiting Construction","Knockman Hill Wind Farm","Wind Onshore",5,"Dumfries and Galloway","S12000006"
4491,"Awaiting Construction","BARLOCKHART MOOR - extension","Wind Onshore",8.2,"Dumfries and Galloway","S12000006"
4492,"Awaiting Construction","Glenmuckloch Wind Farm","Wind Onshore",33.6,"Dumfries and Galloway","S12000006"
4523,"Awaiting Construction","Uisenis/Eishken (Muaitheabhal) Wind Farm","Wind Onshore",118.8,"Comhairle nan Eilean Siar","S12000013"
4529,"Under Construction","Torrs Hill","Wind Onshore",4,"Dumfries and Galloway","S12000006"
4577,"Awaiting Construction","Windy Edge Wind Farm","Wind Onshore",27,"Scottish Borders","S12000026"
4578,"Awaiting Construction","Glenkerie Wind Farm Extension","Wind Onshore",15,"Scottish Borders","S12000026"
4584,"Awaiting Construction","Strathy Wood","Wind Onshore",62.4,"Highland","S12000017"
4586,"Under Construction","South Kyle Wind Farm","Wind Onshore",240,"East Ayrshire","S12000008"
4589,"Awaiting Construction","Hill of Towie II Wind Farm","Wind Onshore",48,"Moray","S12000020"
4605,"Under Construction","Blary Hill Wind Farm","Wind Onshore",35,"Argyll and Bute","S12000035"
4615,"Awaiting Construction","Windy Standard III Wind Farm (Brockloch Rig Phase 2)","Wind Onshore",67.5,"Dumfries and Galloway","S12000006"
4628,"Under Construction","Kype Muir Wind Farm Extension","Wind Onshore",75,"South Lanarkshire","S12000029"
4631,"Awaiting Construction","Crystal Rig Wind Farm Phase IV","Wind Onshore",48,"Scottish Borders","S12000026"
4632,"Awaiting Construction","Loganhead Wind Farm","Wind Onshore",25.6,"Dumfries and Galloway","S12000006"
4911,"Awaiting Construction","Drumelzie","Wind Onshore",1.5,"West Lothian","S12000040"
4937,"Awaiting Construction","A'Chruach (Phase 2)","Wind Onshore",4,"Argyll and Bute","S12000035"
4980,"Awaiting Construction","Inner Sound Phase 1B/1C (MeyGen)","Tidal Barrage and Tidal Stream",86,"Orkney Islands","S12000023"
4987,"Awaiting Construction","Land to the north west of Hill of Petty","Wind Onshore",3.6,"Aberdeenshire","S12000034"
4988,"Under Construction","Kirk Hill Wind Farm","Wind Onshore",18.8,"South Ayrshire","S12000028"
5062,"Application Submitted","Land South East Of Auchterhead","Wind Onshore",2.3,"North Lanarkshire","S12000050"
5116,"Awaiting Construction","Larbrax Wind Farm","Wind Onshore",20,"Dumfries and Galloway","S12000006"
5123,"Awaiting Construction","Eascairt Wind Farm","Wind Onshore",26,"Argyll and Bute","S12000035"
5129,"Awaiting Construction","Pencloe Wind Farm","Wind Onshore",85.5,"East Ayrshire","S12000008"
5172,"Awaiting Construction","Strath Tirry Wind Farm","Wind Onshore",22.8,"Highland","S12000017"
5188,"Awaiting Construction","Costa Head Wind Farm","Wind Onshore",16.3,"Orkney Islands","S12000023"
5195,"Awaiting Construction","Golticlay Wind Farm","Wind Onshore",64.6,"Highland","S12000017"
5198,"Awaiting Construction","Hesta Head Wind Farm","Wind Onshore",20.4,"Orkney Islands","S12000023"
5227,"Awaiting Construction","Sanquhar 'Six' Community Wind Farm","Wind Onshore",19.8,"Dumfries and Galloway","S12000006"
5306,"Awaiting Construction","South Priorhill Farm","Wind Onshore",1.5,"South Lanarkshire","S12000029"
5348,"Application Submitted","Forrestfield Wind Farm","Wind Onshore",13.2,"North Lanarkshire","S12000050"
5352,"Under Construction","CalaChem Fine Chemicals (Grangemouth)","EfW Incineration",21.5,"Falkirk","S12000014"
5373,"Awaiting Construction","Lurg Hill Wind Farm","Wind Onshore",15,"Moray","S12000020"
5393,"Under Construction","Douglas West and Dalquhandy Renewable Energy Project","Wind Onshore",49,"South Lanarkshire","S12000029"
5455,"Application Submitted","Cumberhead Wind Farm","Wind Onshore",48,"South Lanarkshire","S12000029"
5569,"Awaiting Construction","Carey Solar Farm","Solar Photovoltaics",10,"Perth and Kinross","S12000048"
5615,"Under Construction","Ness Energy Project","EfW Incineration",11.1,"Aberdeen City","S12000033"
5631,"Awaiting Construction","Carsebank Farm","Solar Photovoltaics",5,"Angus","S12000041"
5655,"Awaiting Construction","Field 730M West Of Queen Street","Solar Photovoltaics",5,"Angus","S12000041"
5784,"Awaiting Construction","Ballochmartin","Solar Photovoltaics",5,"North Ayrshire","S12000021"
5785,"Awaiting Construction","South of Greenwellheads","Solar Photovoltaics",5,"Aberdeenshire","S12000034"
5800,"Awaiting Construction","Land North of Balbeggie Avenue","Solar Photovoltaics",12,"Fife","S12000047"
5845,"Under Construction","Bruxiehall Farm","Solar Photovoltaics",2,"Aberdeenshire","S12000034"
5859,"Awaiting Construction","Mountwest Wind Cluster (resubmission)","Wind Onshore",2.4,"Aberdeenshire","S12000034"
5863,"Awaiting Construction","Forthwind","Wind Offshore",20,"Offshore"," "
5876,"Awaiting Construction","Stoney Hill Farm","Wind Onshore",2,"South Lanarkshire","S12000029"
5902,"Awaiting Construction","Berryhill Farm Solar Array","Solar Photovoltaics",4.8,"North Lanarkshire","S12000050"
5903,"Awaiting Construction","Glenhead Farm Lower Solar Array","Solar Photovoltaics",4.1,"North Lanarkshire","S12000050"
5909,"Awaiting Construction","Glenhead Farm (Upper)","Solar Photovoltaics",5,"North Lanarkshire","S12000050"
5962,"Under Construction","Glen Noe River","Small Hydro",2,"Argyll and Bute","S12000035"
5963,"Awaiting Construction","Land between Lorg Hill, Ewe Hill and Brown Hill","Wind Onshore",32.4,"Dumfries and Galloway","S12000006"
6005,"Awaiting Construction","Limekiln Wind Farm","Wind Onshore",79.8,"Highland","S12000017"
6036,"Awaiting Construction","Lorg Windfarm","Wind Onshore",49.5,"East Ayrshire","S12000008"
6057,"Application Submitted","Glendye Estate","Wind Onshore",104,"Aberdeenshire","S12000034"
6082,"Awaiting Construction","Kenly Wind Farm","Wind Onshore",12.3,"Fife","S12000047"
6113,"Awaiting Construction","Achnabreck","Advanced Conversion Technologies",5.5,"Argyll and Bute","S12000035"
6147,"Awaiting Construction","Pines Burn Wind Farm","Wind Onshore",33,"Scottish Borders","S12000026"
6158,"Awaiting Construction","Moray West Offshore Wind Farm Project","Wind Offshore",882,"Offshore"," "
6159,"Awaiting Construction","Navidale Estate","Wind Onshore",1,"Highland","S12000017"
6171,"Under Construction","Baldovie Industrial Estate (Forties Road)","EfW Incineration",10,"Dundee City","S12000042"
6175,"Awaiting Construction","Over Hill Wind Farm","Wind Onshore",33,"East Ayrshire","S12000008"
6178,"Awaiting Construction","Sandwick North St Community wind turbine","Wind Onshore",5,"Comhairle nan Eilean Siar","S12000013"
6207,"Awaiting Construction","Gilston Hill Wind Farm","Wind Onshore",21,"Scottish Borders","S12000026"
6208,"Awaiting Construction","Tormywheel Wind Farm Extension","Wind Onshore",5,"West Lothian","S12000040"
6214,"Under Construction","Howpark Farm","Wind Onshore",20,"Scottish Borders","S12000026"
6215,"Awaiting Construction","Levenseat Waste Management Facility","Advanced Conversion Technologies",17,"West Lothian","S12000040"
6216,"Awaiting Construction","West Grange Solar Farm","Solar Photovoltaics",5,"Fife","S12000047"
6259,"Application Submitted","Craigneil Hill","Wind Onshore",38,"Aberdeenshire","S12000034"
6262,"Under Construction","Westfield (former Opencast Coal Mine)","EfW Incineration",23.7,"Fife","S12000047"
6264,"Under Construction","Dounreay Trì Floating Wind Demonstration","Wind Offshore",10,"Highland","S12000017"
6275,"Application Submitted","Rothes Wind Farm III","Wind Onshore",150,"Moray","S12000020"
6312,"Awaiting Construction","Hartwood Windfarm","Wind Onshore",21,"North Lanarkshire","S12000050"
6323,"Awaiting Construction","Beinn Thulabaigh Wind Turbine","Wind Onshore",5,"Comhairle nan Eilean Siar","S12000013"
6324,"Under Construction","Burnfoot East Wind Farm (further extension)","Wind Onshore",10.8,"Clackmannanshire","S12000005"
6327,"Awaiting Construction","Longhill Burn Wind Farm","Wind Onshore",45.6,"West Lothian","S12000040"
6341,"Awaiting Construction","Milltown Airfield (Speyslaw)","Solar Photovoltaics",50,"Moray","S12000020"
6362,"Application Submitted","Armadale Wind Farm","Wind Onshore",57.6,"Highland","S12000017"
6363,"Awaiting Construction","Priestgill Wind Farm","Wind Onshore",22.4,"South Lanarkshire","S12000029"
6383,"Awaiting Construction","Wemyss Estate - Randolph Solar Farm & Battery Energy Storage","Solar Photovoltaics",50,"Fife","S12000047"
6384,"Awaiting Construction","Mossy Hill","Wind Onshore",46.8,"Shetland Islands","S12000027"
6398,"Awaiting Construction","North Haddo","Wind Onshore",1.6,"Aberdeenshire","S12000034"
6405,"Awaiting Construction","Blarghour Wind Farm","Wind Onshore",57.8,"Argyll and Bute","S12000035"
6407,"Awaiting Construction","Pauls Hill 2","Wind Onshore",28,"Moray","S12000020"
6416,"Awaiting Construction","Speyslaw Solar Farm","Solar Photovoltaics",20,"Moray","S12000020"
6426,"Under Construction","Neart na Gaoithe","Wind Offshore",450,"Offshore"," "
6432,"Awaiting Construction","Troston Loch","Wind Onshore",67.2,"Dumfries and Galloway","S12000006"
6444,"Awaiting Construction","Glenshimmeroch Wind Farm","Wind Onshore",36,"Dumfries and Galloway","S12000006"
6459,"Application Submitted","Faw Side Community Wind Farm","Wind Onshore",315,"Dumfries and Galloway","S12000006"
6464,"Awaiting Construction","Airigh Wind Farm","Wind Onshore",58.8,"Argyll and Bute","S12000035"
6545,"Under Construction","Allt Garaidh Ghualaich Hydro Scheme Powerhouse","Small Hydro",1.1,"Highland","S12000017"
6573,"Application Submitted","Druim Leathann Windfarm","Wind Onshore",48.3,"Comhairle nan Eilean Siar","S12000013"
6585,"Awaiting Construction","Skelmonae Farm","Solar Photovoltaics",1,"Aberdeenshire","S12000034"
6590,"Under Construction","Twentyshilling Hill Wind Farm","Wind Onshore",37.8,"Dumfries and Galloway","S12000006"
6600,"Awaiting Construction","Stranoch 2","Wind Onshore",84,"Dumfries and Galloway","S12000006"
6607,"Awaiting Construction","North Kyle Energy Project","Wind Onshore",205.8,"East Ayrshire","S12000008"
6629,"Application Submitted","Sanquhar 2 Community Wind Farm","Wind Onshore",308,"Dumfries and Galloway","S12000006"
6634,"Application Submitted","Kirkan Wind Farm","Wind Onshore",81.6,"Highland","S12000017"
6643,"Awaiting Construction","Hammars Hill Wind Farm Extension","Wind Onshore",8.4,"Orkney Islands","S12000023"
6657,"Awaiting Construction","Allt Charnan","Small Hydro",1,"Highland","S12000017"
6665,"Application Submitted","Stornoway Wind Farm (second resubmission)","Wind Onshore",-180,"Comhairle nan Eilean Siar","S12000013"
6665,"Awaiting Construction","Stornoway Wind Farm (second resubmission)","Wind Onshore",196,"Comhairle nan Eilean Siar","S12000013"
6673,"Application Submitted","Sandwick East Community Wind Farm","Wind Onshore",49.9,"Comhairle nan Eilean Siar","S12000013"
6675,"Awaiting Construction","Glen Etive Estate Phase I (Allt na Chaorainn)","Small Hydro",1.4,"Highland","S12000017"
6676,"Awaiting Construction","Glen Etive Estate Phase II (Allt Mheuran)","Small Hydro",0.9,"Highland","S12000017"
6687,"Under Construction","Glen Kinglass","Small Hydro",-0.96,"Argyll and Bute","S12000035"
6703,"Awaiting Construction","Sandy Knowe Wind Farm","Wind Onshore",81.6,"Dumfries and Galloway","S12000006"
6708,"Awaiting Construction","Broken Cross (Former Surface Mine)","Wind Onshore",40,"South Lanarkshire","S12000029"
6724,"Awaiting Construction","Allt Easach Hydro","Small Hydro",2,"Argyll and Bute","S12000035"
6730,"Awaiting Construction","Blackwater Dam","Small Hydro",0.8,"Highland","S12000017"
6733,"Application Submitted","Cloiche Wind Farm","Wind Onshore",150,"Highland","S12000017"
6734,"Awaiting Construction","Tangy 4 Wind Farm","Wind Onshore",80,"Argyll and Bute","S12000035"
6736,"Under Construction","Bilbo Solar Farm","Solar Photovoltaics",36.6,"Aberdeenshire","S12000034"
6741,"Under Construction","Duror 2 Hydro Scheme","Small Hydro",0.4,"Highland","S12000017"
6751,"Application Submitted","Garvilland Farm","Wind Onshore",18,"Dumfries and Galloway","S12000006"
6753,"Awaiting Construction","Oldhall Industrial Estate","EfW Incineration",15,"North Ayrshire","S12000021"
6757,"Awaiting Construction","Luichart Power Station","Small Hydro",2.6,"Highland","S12000017"
6779,"Awaiting Construction","Lochaber Hydro Development (Scheme 2)","Small Hydro",1.1,"Highland","S12000017"
6781,"Awaiting Construction","Lochaber Hydro Development (Scheme 3)","Small Hydro",2,"Highland","S12000017"
6793,"Awaiting Construction","Ben Sca","Wind Onshore",29.4,"Highland","S12000017"
6796,"Application Submitted","Greenburn Wind Park","Wind Onshore",67.2,"East Ayrshire","S12000008"
6798,"Awaiting Construction","Arecleoch Wind Farm (extension)","Wind Onshore",73,"South Ayrshire","S12000028"
6807,"Awaiting Construction","Loch Doon Dam Compensation Set","Small Hydro",0.3,"East Ayrshire","S12000008"
6826,"Awaiting Construction","Douglas West Wind Farm (extension)","Wind Onshore",78,"South Lanarkshire","S12000029"
6827,"Awaiting Construction","Lethans Wind Farm","Wind Onshore",105.6,"East Ayrshire","S12000008"
6828,"Under Construction","Viking Wind Farm","Wind Onshore",443,"Shetland Islands","S12000027"
6833,"Application Submitted","Tormsdale -Wind Farm","Wind Onshore",50,"Highland","S12000017"
6838,"Awaiting Construction","Gaineamhach Hydro Scheme Powerhouse","Small Hydro",2,"Highland","S12000017"
7150,"Application Submitted","Knockcronal Wind Farm","Wind Onshore",59.4,"South Ayrshire","S12000028"
7204,"Awaiting Construction","Kennoxhead Wind Farm Extension (Phase 2)","Wind Onshore",38.4,"South Lanarkshire","S12000029"
7206,"Application Submitted","Clauchrie Windfarm","Wind Onshore",100,"South Ayrshire","S12000028"
7222,"Under Construction","Easter Bush","Solar Photovoltaics",3,"Midlothian","S12000019"
7232,"Awaiting Construction","Glaxosmithkline Shewalton Road","Solar Photovoltaics",19.9,"North Ayrshire","S12000021"
7259,"Awaiting Construction","Iron Mountain Building","Solar Photovoltaics",0.3,"West Lothian","S12000040"
7261,"Application Submitted","Hare Craig Windfarm","Wind Onshore",36,"East Ayrshire","S12000008"
7264,"Awaiting Construction","Meikleton of Ardonald","Wind Onshore",1,"Aberdeenshire","S12000034"
7266,"Awaiting Construction","North Hoo Fields","Wind Onshore",0.9,"Shetland Islands","S12000027"
7274,"Under Construction","Alness Academy","Solar Photovoltaics",0.5,"Highland","S12000017"
7282,"Awaiting Construction","Blackbarn Farm","Small Hydro",1,"North Ayrshire","S12000021"
7287,"Awaiting Construction","Perth Wastewater Treatment Works","Solar Photovoltaics",0.4,"Perth and Kinross","S12000048"
7304,"Awaiting Construction","Deuchries Windfarm (extension)","Wind Onshore",2,"Aberdeenshire","S12000034"
7305,"Awaiting Construction","Garvie Burn","Small Hydro",0.4,"Argyll and Bute","S12000035"
7313,"Under Construction","Craig Farm","Small Hydro",0.4,"Argyll and Bute","S12000035"
7318,"Under Construction","Allt Eilidh","Small Hydro",0.6,"Highland","S12000017"
7328,"Under Construction","Allt an t-Sidhein Hydro Scheme","Small Hydro",0.5,"Highland","S12000017"
7340,"Awaiting Construction","Kilgallioch Windfarm (Extension)","Wind Onshore",62,"Dumfries and Galloway","S12000006"
7345,"Awaiting Construction","High Constellation Wind Farm","Wind Onshore",48,"Argyll and Bute","S12000035"
7370,"Awaiting Construction","Southrigg 2","Wind Onshore",4.2,"North Lanarkshire","S12000050"
7376,"Awaiting Construction","Shewalton Road","Wind Onshore",3,"North Ayrshire","S12000021"
7394,"Awaiting Construction","Orkney’s Community Wind Farm Project - Qanterness","Wind Onshore",28.8,"Orkney Islands","S12000023"
7398,"Awaiting Construction","Fell Wind Farm","Wind Onshore",49,"Dumfries and Galloway","S12000006"
7454,"Application Submitted","Scoop Hill Wind Farm","Wind Onshore",525,"Dumfries and Galloway","S12000006"
7456,"Awaiting Construction","Hagshaw Hill (Repowering)","Wind Onshore",84,"South Lanarkshire","S12000029"
7459,"Application Submitted","Creag Dhubh","Wind Onshore",27,"Argyll and Bute","S12000035"
7463,"Awaiting Construction","Shetland Tidal Array (extension)","Tidal Barrage and Tidal Stream",1.4,"Shetland Islands","S12000027"
7472,"Application Submitted","Narachan Wind Farm","Wind Onshore",95.2,"Argyll and Bute","S12000035"
7473,"Awaiting Construction","Bhlaraidh Wind Farm Extension","Wind Onshore",84,"Highland","S12000017"
7474,"Application Submitted","Kintradwell Lodge - Wind Farm","Wind Onshore",63,"Highland","S12000017"
7512,"Awaiting Construction","Glenfiddich Distillery AD (Extension)","Anaerobic Digestion",2,"Moray","S12000020"
7526,"Awaiting Construction","Iron Mountain Howe Moss Drive","Solar Photovoltaics",0.3,"Aberdeen City","S12000033"
7531,"Awaiting Construction","Eden Campus","Solar Photovoltaics",1,"Fife","S12000047"
7568,"Application Submitted","Billia Croo Wave Test Site (Extension)","Shoreline Wave",20,"Orkney Islands","S12000023"
7582,"Application Submitted","Cloich Forest Wind Farm","Wind Onshore",63,"Scottish Borders","S12000026"
7587,"Awaiting Construction","Heathland Wind Farm","Wind Onshore",80,"South Lanarkshire","S12000029"
7595,"Awaiting Construction","St Fergus Renewable Energy Park","Wind Onshore",3,"Aberdeenshire","S12000034"
7596,"Awaiting Construction","St Fergus Renewable Energy Park","Solar Photovoltaics",5,"Aberdeenshire","S12000034"
7601,"Awaiting Construction","Tesco Extra Dumfries","Solar Photovoltaics",0.8,"Dumfries and Galloway","S12000006"
7608,"Awaiting Construction","Tesco Superstore Annan","Solar Photovoltaics",0.2,"Dumfries and Galloway","S12000006"
7638,"Awaiting Construction","Lochhead Steading Concrete Block Manufacturing Plant","Solar Photovoltaics",0.6,"Angus","S12000041"
7674,"Awaiting Construction","East Ballochy","Solar Photovoltaics",39.9,"Angus","S12000041"
7679,"Application Submitted","Draffanmarshill Farm","Wind Onshore",4.2,"South Lanarkshire","S12000029"
7687,"Application Submitted","Moorshield Wind Farm","Wind Onshore",15,"East Renfrewshire","S12000011"
7708,"Awaiting Construction","Limekiln Wind Farm (Extension)","Wind Onshore",21,"Highland","S12000017"
7710,"Application Submitted","Cairn Duhie Wind Farm","Wind Onshore",67.2,"Highland","S12000017"
7711,"Application Submitted","Chleansaid Onshore Wind Farm","Wind Onshore",96,"Highland","S12000017"
7729,"Awaiting Construction","Inverness Royal Academy","Solar Photovoltaics",0.3,"Highland","S12000017"
7745,"Awaiting Construction","Howden Farm","Solar Photovoltaics",0.2,"East Lothian","S12000010"
7758,"Awaiting Construction","Hutchesons Grammar School","Solar Photovoltaics",0.2,"Glasgow City","S12000049"
7762,"Awaiting Construction","Netherton","Wind Onshore",0.9,"Aberdeenshire","S12000034"
7763,"Awaiting Construction","Claylands Road","Solar Photovoltaics",0.2,"City of Edinburgh","S12000036"
7785,"Awaiting Construction","Patrickston Farm","Solar Photovoltaics",15,"Stirling","S12000030"
7806,"Awaiting Construction","Banbeath Industrial Estate","Solar Photovoltaics",0.2,"Fife","S12000047"
7807,"Awaiting Construction","Binn Farm","EfW Incineration",7.3,"Perth and Kinross","S12000048"
7851,"Awaiting Construction","Kilgallioch Windfarm (Extension - Solar)","Solar Photovoltaics",20,"Dumfries and Galloway","S12000006"
7873,"Application Submitted","Earraghail Renewable Energy Development","Wind Onshore",78,"Argyll and Bute","S12000035"
7874,"Application Submitted","Carrick Windfarm","Wind Onshore",86,"South Ayrshire","S12000028"
7877,"Application Submitted","Craiginmoddie Wind Farm","Wind Onshore",92,"South Ayrshire","S12000028"
7886,"Awaiting Construction","Shelloch Wind Farm","Wind Onshore",24,"Stirling","S12000030"
7891,"Application Submitted","Mochrum Fell Wind Farm","Wind Onshore",24,"Dumfries and Galloway","S12000006"
7943,"Awaiting Construction","City of Edinburgh Council Buildings","Solar Photovoltaics",0.2,"City of Edinburgh","S12000036"
7953,"Under Construction","Isle of Luing Wind Farm","Wind Onshore",0.2,"Argyll and Bute","S12000035"
7957,"Awaiting Construction","Hammars Hill Wind Farm Extension","Hydrogen",NA,"Orkney Islands","S12000023"
7991,"Awaiting Construction","Brownhill Farm","Wind Onshore",8.4,"North Lanarkshire","S12000050"
8000,"Application Submitted","Clachaig Glen","Wind Onshore",60,"Argyll and Bute","S12000035"
8001,"Application Submitted","Kennoxhead Wind Farm Extension II (Penbreck) (Phase 2)","Wind Onshore",45.6,"South Lanarkshire","S12000029"
8003,"Application Submitted","Grayside Wind Farm","Wind Onshore",147,"South Lanarkshire","S12000029"
8061,"Application Submitted","Hollandmey Renewable Energy Development","Wind Onshore",50,"Highland","S12000017"
8086,"Application Submitted","Thainstone Energy Park Project ERF","EfW Incineration",35,"Aberdeenshire","S12000034"
8134,"Under Construction","Land near Tacher, Latheron","Wind Onshore",4.1,"Highland","S12000017"
8138,"Application Submitted","Skelmonae Wind Farm Extension","Wind Onshore",1.6,"Aberdeenshire","S12000034"
8196,"Application Submitted","Forss Wind Farm","Wind Onshore",4.5,"Highland","S12000017"
8263,"Awaiting Construction","Plascow Wind Turbine","Wind Onshore",NA,"Dumfries and Galloway","S12000006"
8305,"Application Submitted","Lochluichart Wind Farm Extension 2","Wind Onshore",24,"Highland","S12000017"
8344,"Application Submitted","Woolfords Farm - Onshore Wind Turbines","Wind Onshore",19.8,"South Lanarkshire","S12000029"
8353,"Application Submitted","Barr Killoch Energy Recovery Park","EfW Incineration",12,"East Ayrshire","S12000008"
8397,"Awaiting Construction","Orkney’s Community Wind Farm Project - Hoy","Wind Onshore",28.8,"Orkney Islands","S12000023"
8400,"Awaiting Construction","Barlockhart Moor Wind Turbines","Wind Onshore",8.4,"Dumfries and Galloway","S12000006"
8417,"Application Submitted","Moorfield North Industrial Park, Moorfield","Solar Photovoltaics",NA,"East Ayrshire","S12000008"
8418,"Application Submitted","Corriegarth 2","Wind Onshore",76,"Highland","S12000017"
8433,"Awaiting Construction","Duke Street Solar Panels","Solar Photovoltaics",NA,"Glasgow City","S12000049"
8442,"Application Submitted","Cornharrow - Wind Farm & Battery Storage","Wind Onshore",50,"Dumfries and Galloway","S12000006"
8488,"Application Submitted","Jockstown Farm Solar Farm","Solar Photovoltaics",37.9,"Dumfries and Galloway","S12000006"
8489,"Application Submitted","Lethen Wind Farm  Wind Turbines and Energy Storage","Wind Onshore",102,"Highland","S12000017"
8492,"Application Submitted","Lethans Wind Farm Extension","Wind Onshore",66,"East Ayrshire","S12000008"
8537,"Awaiting Construction","Ben Sca 2 Wind Turbines","Wind Onshore",8.4,"Highland","S12000017"
8795,"Awaiting Construction","Caledon Green - Gas Powered Electricity Generation Facility","Landfill Gas",22.5,"Falkirk","S12000014"
8807,"Application Submitted","Glenhead Of Aldouran - Solar Array & Water Source Heat Pump System","Solar Photovoltaics",0.215,"Dumfries and Galloway","S12000006"
8820,"Awaiting Construction","Little Broomfield - Biomass boiler","Biomass (dedicated)",0.21,"Aberdeen City","S12000033"
8822,"Application Submitted","Polquhairn Wind Farm","Wind Onshore",34.2,"East Ayrshire","S12000008"
8842,"Awaiting Construction","Cullierlie Solar Farm","Solar Photovoltaics",13,"Aberdeen City","S12000033"
8847,"Awaiting Construction","Pearie Law - Wind turbines","Wind Onshore",14.4,"West Lothian","S12000040"
8849,"Application Submitted","Upper Bighouse Biomass Boilers","Biomass (dedicated)",260,"Highland","S12000017"
8884,"Awaiting Construction","Lairg 2 Wind Farm","Wind Onshore",34.5,"Highland","S12000017"
8909,"Awaiting Construction","Camilty Plantation - Wind Farm","Wind Onshore",25.8,"West Lothian","S12000040"
8921,"Application Submitted","Teviot Wind Farm","Wind Onshore",409,"Scottish Borders","S12000026"
8981,"Awaiting Construction","Dalmarnock Wastewater Treatment Works - Solar Panels","Solar Photovoltaics",NA,"Glasgow City","S12000049"
8999,"Application Submitted","Invershin Community Hall - Wind Farm & Battery Storage","Wind Onshore",222,"Highland","S12000017"
9031,"Application Submitted","Culterfield, Cunningsburgh Wind","Wind Onshore",2.7,"Shetland Islands","S12000027"
9065,"Awaiting Construction","Dragonhall Farm, Padanaram - Solar Photovoltaic Array","Solar Photovoltaics",5,"Angus","S12000041"
9071,"Awaiting Construction","Binn Hill Solar Farm","Solar Photovoltaics",5,"Perth and Kinross","S12000048"
9146,"Application Submitted","Stoneyhill Farm Wind turbines","Wind Onshore",NA,"South Lanarkshire","S12000029"
9170,"Awaiting Construction","Lockerbie Creamery - Anaerobic Digester","Anaerobic Digestion",NA,"Dumfries and Galloway","S12000006"
9300,"Application Submitted","Orkney’s Community Wind Farm Project - Faray","Wind Onshore",28.8,"Orkney Islands","S12000023"
9352,"Awaiting Construction","Ardagh Glass Limited - Solar Panels","Solar Photovoltaics",1,"North Ayrshire","S12000021"
9403,"Awaiting Construction","Strathruddie, Kinglassie - Solar farm","Solar Photovoltaics",25,"Fife","S12000047"
9417,"Application Submitted","Bunloinn Wind Farm","Wind Onshore",66.6,"Highland","S12000017"
9459,"Application Submitted","Bankend Rig II Wind Farm","Wind Onshore",10.2,"South Lanarkshire","S12000029"
9463,"Awaiting Construction","Selms Muir - Solar Farm","Solar Photovoltaics",18,"West Lothian","S12000040"
9500,"Under Construction","Banbeath Industrial Estate Solar Array","Solar Photovoltaics",4.19,"Fife","S12000047"
9523,"Under Construction","Wastewater Treatment Works, Fraserburgh","Solar Photovoltaics",1.028,"Aberdeenshire","S12000034"
9576,"Awaiting Construction","Fordoun Sawmill Solar Array","Solar Photovoltaics",1.5,"Aberdeenshire","S12000034"
9583,"Awaiting Construction","Castleton Of Eassie - Solar Photovoltaics","Solar Photovoltaics",0.2,"Angus","S12000041"
9585,"Awaiting Construction","Rowan Gate - Solar Farm","Solar Photovoltaics",7,"Perth and Kinross","S12000048"
9596,"Application Submitted","Ardgour Hydro","Small Hydro",0.55,"Highland","S12000017"
9640,"Awaiting Construction","Sallachy Estate - Wind Farm","Wind Onshore",20,"Highland","S12000017"
9646,"Awaiting Construction","Mains Of Boquhan - Anaerobic Digester Facility","Anaerobic Digestion",NA,"Stirling","S12000030"
9650,"Awaiting Construction","Dykes Of Gray Road - Solar PV Array","Solar Photovoltaics",2,"Dundee City","S12000042"
9658,"Awaiting Construction","Cairnbrogie Farm - Wind Turbine","Wind Onshore",1,"Aberdeenshire","S12000034"
9669,"Application Submitted","Nether Carswell Cottage Wind Turbine","Wind Onshore",4.2,"East Renfrewshire","S12000011"
9727,"Application Submitted","Forrest Road, Salsburgh - Wind Farm","Wind Onshore",12.6,"North Lanarkshire","S12000050"
9817,"Awaiting Construction","The James Hutton Institute - Solar PV Array","Solar Photovoltaics",2,"Perth and Kinross","S12000048"
9872,"Awaiting Construction","Academy Road - Energy Centre & Anaerobic Digestion Facility","Anaerobic Digestion",4,"Highland","S12000017"
9880,"Awaiting Construction","Hallmoss Workshop, Inverallochy - Solar Panels","Solar Photovoltaics",0.17535,"Aberdeenshire","S12000034"
9883,"Application Submitted","Lochfauld Road - Solar Park","Solar Photovoltaics",18.4,"Glasgow City","S12000049"
9889,"Application Submitted","Callisterhall Wind Farm -  Wind Farm & Battery Storage","Wind Onshore",39.2,"Dumfries and Galloway","S12000006"
9946,"Application Submitted","East Fulwood Greenock Road - Solar Farm","Solar Photovoltaics",14.3,"Renfrewshire","S12000038"
9953,"Application Submitted","Greystone Knowe Wind Farm - Wind Farm","Wind Onshore",75,"Scottish Borders","S12000026"
9983,"Awaiting Construction","King Street - Photovoltaic Panels","Solar Photovoltaics",NA,"Inverclyde","S12000018"
10043,"Awaiting Construction","Peterseat Drive - Solar PV Panels","Solar Photovoltaics",NA,"Aberdeen City","S12000033"
10243,"Awaiting Construction","Fife Energy Park - H100 Fife Hydrogen Demonstration Project","Hydrogen",NA,"Fife","S12000047"
10247,"Awaiting Construction","Airthrey Road -  PV Solar Panels","Solar Photovoltaics",NA,"Stirling","S12000030"
10269,"Application Submitted","Hollandmey Renewable Energy Development","Solar Photovoltaics",15,"Highland","S12000017"
10316,"Awaiting Construction","Portgordon Maltings - Anaerobic Digestion Facility, Phase 2","Anaerobic Digestion",NA,"Moray","S12000020"
10409,"Application Submitted","Central Eco Park - Solar Farm","Solar Photovoltaics",12,"South Lanarkshire","S12000029"
10468,"Application Submitted","Knockkippen Wind, Solar & Battery Farm","Wind Onshore",60,"East Ayrshire","S12000008"
10469,"Awaiting Construction","Hillhead Of Gask, Longhaven - Solar Array","Solar Photovoltaics",14.2,"Aberdeenshire","S12000034"
10476,"Awaiting Construction","Uphall Business Park, Uphall - Solar PV Panels","Solar Photovoltaics",0.32841,"West Lothian","S12000040"
10487,"Application Submitted","Badentoy Drive, Portlethen - Solar Panel","Solar Photovoltaics",0.365,"Aberdeenshire","S12000034"
10532,"Application Submitted","High Nunton Farm - Solar Farm & Battery Storage","Solar Photovoltaics",49.9,"Dumfries and Galloway","S12000006"
10537,"Application Submitted","Mid Moile Wind Farm","Wind Onshore",99.4,"Dumfries and Galloway","S12000006"
10584,"Awaiting Construction","North East Scotland College - Solar Panels","Solar Photovoltaics",0.3,"Aberdeen City","S12000033"
10585,"Application Submitted","Gladsmuir Hills - Wind Farm","Wind Onshore",41,"West Lothian","S12000040"
10595,"Awaiting Construction","North East Scotland College - Solar panels","Solar Photovoltaics",0.18,"Aberdeen City","S12000033"
10604,"Application Submitted","Pleasance Road, Coupar - Solar Array","Solar Photovoltaics",49.9,"Perth and Kinross","S12000048"
10627,"Awaiting Construction","Henderson Road - Solar Panels","Solar Photovoltaics",0.2,"Aberdeenshire","S12000034"
10633,"Application Submitted","Cairnmore Hill  Wind Farm","Wind Onshore",21,"Highland","S12000017"
10660,"Awaiting Construction","Saline Shaw - Wind Turbine","Wind Onshore",0.5,"Fife","S12000047"
10704,"Awaiting Construction","Skellyton Wastewater Treatment Works - Solar Photovoltaic Panels","Solar Photovoltaics",0.199,"South Lanarkshire","S12000029"
10711,"Application Submitted","Earraghail Renewable Energy Development","Solar Photovoltaics",5,"Argyll and Bute","S12000035"
10718,"Application Submitted","James Hamilton Way - Solar Farm","Solar Photovoltaics",NA,"Midlothian","S12000019"
10734,"Application Submitted","Low Drumclog Farm, Drumclog - 3 Wind Turbines","Wind Onshore",20,"South Lanarkshire","S12000029"
10866,"Awaiting Construction","Old Dalkeith Road, Danderhall - Solar panels","Solar Photovoltaics",0.15,"Midlothian","S12000019"
10883,"Application Submitted","Nitshill Wind Farm, Hundland Hill","Wind Onshore",26.4,"Orkney Islands","S12000023"
10900,"Application Submitted","Pitheavlis - Wind Turbine","Wind Onshore",1,"Perth and Kinross","S12000048"
10950,"Application Submitted","North Inches - Solar Photovoltaic Electricity Generation","Solar Photovoltaics",NA,"Falkirk","S12000014"
10963,"Application Submitted","Montreathmont Moor Forest - Solar Farm & Battery Storage","Solar Photovoltaics",42,"Angus","S12000041"
10984,"Awaiting Construction","Wick Airport Industrial Estate - Solar Panels","Solar Photovoltaics",0.28,"Highland","S12000017"
10993,"Application Submitted","Frodo Solar and Battery Energy Development","Solar Photovoltaics",60.1,"Aberdeenshire","S12000034"
11032,"Awaiting Construction","Easter Drumclair Wood","Wind Onshore",6,"Falkirk","S12000014"
11065,"Application Submitted","Hopsrig Wind Farm","Wind Onshore",85.5,"Dumfries and Galloway","S12000006"
11101,"Application Submitted","Faulds Park Road- Solar PV Panlels","Solar Photovoltaics",0.341,"Inverclyde","S12000018"
11155,"Awaiting Construction","Kirkcaldy W W T W, Nether Street- Solar Panels","Solar Photovoltaics",0.65,"Fife","S12000047"
11173,"Application Submitted","Sandmill, Sandhead - Solar Panels","Solar Photovoltaics",0.46,"Dumfries and Galloway","S12000006"
11175,"Application Submitted","Greenacres, Braco - Hydrogen Production Facility","Hydrogen",NA,"Perth and Kinross","S12000048"
11177,"Application Submitted","Kincraig - Solar Farm and battery storage system","Solar Photovoltaics",21,"Aberdeenshire","S12000034"
11248,"Under Construction","Balmcassie Commercial Park - Anaerobic digestion plant","Anaerobic Digestion",3.5,"Aberdeenshire","S12000034"
11249,"Under Construction","Portgordon - Anaerobic Digestion Tanks","Anaerobic Digestion",NA,"Moray","S12000020"
11263,"Awaiting Construction","Dunfermline North - Solar Photovoltaic Array/Battery storage","Solar Photovoltaics",29.9,"Fife","S12000047"
11289,"Awaiting Construction","Mains Of Haulkerton - Solar Panels","Solar Photovoltaics",0.15,"Aberdeenshire","S12000034"
11340,"Awaiting Construction","Burnfoot Industrial Estate - Solar Panels","Solar Photovoltaics",0.48,"Scottish Borders","S12000026"
11341,"Awaiting Construction","Enterprise Drive - Solar Panels","Solar Photovoltaics",0.18,"Aberdeenshire","S12000034"
11441,"Application Submitted","Teviot Wind Farm","Solar Photovoltaics",34,"Scottish Borders","S12000026"
11587,"Awaiting Construction","Hillhead Of Coldwells, Longhaven - Biomass Boilers","Biomass (dedicated)",0.26,"Aberdeenshire","S12000034"
11615,"Awaiting Construction","Plexus Lee, Forbes Way - Solar Panels","Solar Photovoltaics",0.51,"Scottish Borders","S12000026"
11642,"Awaiting Construction","Archer House, Main Road, Blackburn -  Solar Pv Panels","Solar Photovoltaics",0.256,"Aberdeenshire","S12000034"
11675,"Application Submitted","Knockkippen Wind, Solar & Battery Farm","Solar Photovoltaics",20,"East Ayrshire","S12000008"
11686,"Awaiting Construction","HY2GO - Hydrogen Electrolysis Facility","Hydrogen",NA,"South Lanarkshire","S12000029"
11705,"Awaiting Construction","Arbikie, Inverkeilor - Green Hydrogen Project & Wind Turbine","Hydrogen",0.8,"Angus","S12000041"
11706,"Awaiting Construction","Arbikie, Inverkeilor - Green Hydrogen Project & Wind Turbine","Wind Onshore",1,"Angus","S12000041"
11761,"Application Submitted","Rothesay Dock Plastic to Hydrogen Recycling Facility","Hydrogen",3.8,"West Dunbartonshire","S12000039"
11856,"Application Submitted","Little Gala Wind Farm","Wind Onshore",30,"South Lanarkshire","S12000029"
11879,"Application Submitted","Ailsa Hospital - Wind Turbine","Wind Onshore",1,"South Ayrshire","S12000028"
11887,"Awaiting Construction","Lunar Freezing & Cold Storage, Sandhaven Road - Solar panels","Solar Photovoltaics",0.29,"Aberdeenshire","S12000034"
11891,"Awaiting Construction","Harris Academy, Perth Road - Extension/Roof Solar Photovoltaic Array","Solar Photovoltaics",NA,"Dundee City","S12000042"
11909,"Awaiting Construction","Cunninghame Road, Farm Castle Industrial Estate - Solar Panels","Solar Photovoltaics",0.19,"South Lanarkshire","S12000029"
11912,"Application Submitted","Drysdale Vegetable Growers, Old Cambus -  Solar PV Panels","Solar Photovoltaics",0.80042,"Scottish Borders","S12000026"
11933,"Application Submitted","Bankhead Recycling - Solar Array, Battery Storage & Hydrogen","Solar Photovoltaics",3,"Aberdeenshire","S12000034"
11935,"Application Submitted","Bankhead Recycling - Solar Array, Battery Storage & Hydrogen","Large Hydro",NA,"Aberdeenshire","S12000034"
11940,"Application Submitted","Hollywood Bowl Showcase Leisure Park, Barrbridge Road - Solar Array","Solar Photovoltaics",0.18,"North Lanarkshire","S12000050"
11955,"Application Submitted","The Wyman Gordon Facility, Nettlehill Road- Solar Farm","Solar Photovoltaics",2,"West Lothian","S12000040"
11960,"Application Submitted","Campbells Prime Meat, The Heatherfield Whitecross - Solar Panels","Solar Photovoltaics",NA,"Falkirk","S12000014"
11976,"Application Submitted","Coast Viners Animal Nutrition, Drumlithie - Solar Array&Battery Storage","Solar Photovoltaics",9.2,"Aberdeenshire","S12000034"
11989,"Application Submitted","Pentland Floating Offshore Wind Farm","Wind Offshore",100,"Offshore"," "
12006,"Awaiting Construction","Blackburn Waste Water Treatrment, Redhouse Road - Solar Panels","Solar Photovoltaics",0.34,"West Lothian","S12000040"
12009,"Application Submitted","Aggreko, Stirling Road - Solar Panels","Solar Photovoltaics",NA,"West Dunbartonshire","S12000039"
12041,"Application Submitted","Dungavel House, IRC Muirkirk Road - Wind Farm","Wind Onshore",11.4,"South Lanarkshire","S12000029"
12079,"Application Submitted","Sandy Knowe Wind Farm Extension","Wind Onshore",21.6,"Dumfries and Galloway","S12000006"
12103,"Application Submitted","Norbord Europe, Morayston - Anerobic Digestion Gas Injector","Anaerobic Digestion",NA,"Highland","S12000017"
12115,"Awaiting Construction","Bathgate Waste Water Treatment - Solar Panels","Solar Photovoltaics",0.344,"West Lothian","S12000040"
12173,"Application Submitted","Roughmute Sewage Treatment Works - Solar Panels","Solar Photovoltaics",0.812,"Falkirk","S12000014"
12227,"Application Submitted","Blackiemuir - Solar Array","Solar Photovoltaics",0.2,"Aberdeenshire","S12000034"
12271,"Application Submitted","Tennant Avenue College, East Kilbride - Solar Panels","Solar Photovoltaics",0.936,"South Lanarkshire","S12000029"
12275,"Application Submitted","Mill Rig Wind Farm","Wind Onshore",36,"South Lanarkshire","S12000029"
12290,"Application Submitted","Strath Oykel Wind Farm","Wind Onshore",77.6,"Highland","S12000017"
12294,"Application Submitted","Garcrogo Hill And Barmark Hill, Corsock - Wind Farm & Battery Storage","Wind Onshore",NA,"Dumfries and Galloway","S12000006"
